-- Security test data

-- Test roles
INSERT INTO FWK_ROLE (ROLE_ID, ROLE_NAME, USE_YN, LAST_UPDATE_DTIME, LAST_UPDATE_USER_ID)
VALUES ('ADMIN', 'Administrator', 'Y', '20240101000000', 'system');
INSERT INTO FWK_ROLE (ROLE_ID, ROLE_NAME, USE_YN, LAST_UPDATE_DTIME, LAST_UPDATE_USER_ID)
VALUES ('USER', 'General User', 'Y', '20240101000000', 'system');

-- Test users
INSERT INTO FWK_USER (USER_ID, USER_NAME, PASSWORD, ROLE_ID, USER_STATE_CODE, LOGIN_FAIL_COUNT,
                      LAST_UPDATE_DTIME, LAST_UPDATE_USER_ID, PASSWD)
VALUES ('admin', 'Admin User', 'password', 'ADMIN', '1', 0,
        '20240101000000', 'system', '$2a$10$dummyhashfortest');
INSERT INTO FWK_USER (USER_ID, USER_NAME, PASSWORD, ROLE_ID, USER_STATE_CODE, LOGIN_FAIL_COUNT,
                      LAST_UPDATE_DTIME, LAST_UPDATE_USER_ID, PASSWD)
VALUES ('user01', 'Test User', 'password', 'USER', '1', 0,
        '20240101000000', 'system', '$2a$10$dummyhashfortest');
INSERT INTO FWK_USER (USER_ID, USER_NAME, PASSWORD, ROLE_ID, USER_STATE_CODE, LOGIN_FAIL_COUNT,
                      LAST_UPDATE_DTIME, LAST_UPDATE_USER_ID, PASSWD)
VALUES ('locked', 'Locked User', 'password', 'USER', '1', 5,
        '20240101000000', 'system', '$2a$10$dummyhashfortest');
INSERT INTO FWK_USER (USER_ID, USER_NAME, PASSWORD, ROLE_ID, USER_STATE_CODE, LOGIN_FAIL_COUNT,
                      LAST_UPDATE_DTIME, LAST_UPDATE_USER_ID, PASSWD)
VALUES ('disabled', 'Disabled User', 'password', 'USER', '0', 0,
        '20240101000000', 'system', '$2a$10$dummyhashfortest');

-- Test menus
INSERT INTO FWK_MENU (MENU_ID, PRIOR_MENU_ID, SORT_ORDER, MENU_NAME, MENU_URL,
                      DISPLAY_YN, USE_YN, LAST_UPDATE_DTIME, LAST_UPDATE_USER_ID)
VALUES ('MENU001', 'ROOT', 1, 'User Management', '/user', 'Y', 'Y', '20240101000000', 'system');
INSERT INTO FWK_MENU (MENU_ID, PRIOR_MENU_ID, SORT_ORDER, MENU_NAME, MENU_URL,
                      DISPLAY_YN, USE_YN, LAST_UPDATE_DTIME, LAST_UPDATE_USER_ID)
VALUES ('MENU002', 'ROOT', 2, 'Role Management', '/role', 'Y', 'Y', '20240101000000', 'system');

-- User-Menu permissions (admin: WRITE on both, user01: READ on MENU001 only)
INSERT INTO FWK_USER_MENU (USER_ID, MENU_ID, AUTH_CODE, LAST_UPDATE_DTIME, LAST_UPDATE_USER_ID, FAVOR_MENU_ORDER)
VALUES ('admin', 'MENU001', 'W', '20240101000000', 'system', 0);
INSERT INTO FWK_USER_MENU (USER_ID, MENU_ID, AUTH_CODE, LAST_UPDATE_DTIME, LAST_UPDATE_USER_ID, FAVOR_MENU_ORDER)
VALUES ('admin', 'MENU002', 'W', '20240101000000', 'system', 0);
INSERT INTO FWK_USER_MENU (USER_ID, MENU_ID, AUTH_CODE, LAST_UPDATE_DTIME, LAST_UPDATE_USER_ID, FAVOR_MENU_ORDER)
VALUES ('user01', 'MENU001', 'R', '20240101000000', 'system', 0);

-- Role-Menu permissions (ADMIN role: WRITE on both, USER role: READ on MENU001)
INSERT INTO FWK_ROLE_MENU (ROLE_ID, MENU_ID, AUTH_CODE) VALUES ('ADMIN', 'MENU001', 'W');
INSERT INTO FWK_ROLE_MENU (ROLE_ID, MENU_ID, AUTH_CODE) VALUES ('ADMIN', 'MENU002', 'W');
INSERT INTO FWK_ROLE_MENU (ROLE_ID, MENU_ID, AUTH_CODE) VALUES ('USER', 'MENU001', 'R');
